,State,,Activity Label,ACTIVITY LEVEL
8,Oklahoma City,35,Moderate,Level 5
12,Kentucky ,16,Moderate,Level 5
17,Washington State! ,47,High,Level 7
18,Kansas,15,Moderate,Level 5
19,Flip Yeah Michigan,21,High,Level 7
21,Florida,8,High,Level 7
28,New York,31,High,Level 9
30,Colorado Rockies,6,High,Level 7
32,South Carolina,40,Moderate,Level 4
35,New York,31,High,Level 9
38,Indiana,13,Moderate,Level 7
39,louisiana,17,High,Level 7
40,New York,31,High,Level 9
41,texas ,43,High,Level 9
42,Alabama,1,Moderate,Level 4
51,california,5,High,Level 8
54,Northern Virginia,46,High,Level 7
56,Texas,43,High,Level 9
57,New York,31,High,Level 9
59,Searcy Arkansas ,4,High,Level 9
62,New York ,31,High,Level 9
63,richmond california,5,High,Level 8
65,Texas,43,High,Level 9
72,Texas,43,High,Level 9
73,Arizona ,3,Moderate,Level 6
82,Texas,43,High,Level 9
84,Arkansas,4,Moderate,Level 5
86,Minnesota,22,Moderate,Level 4
99,Louisiana,17,High,Level 7
102,New Jersey ,29,High,Level 7
105,Florida,8,High,Level 7
109,South Carolina,40,Moderate,Level 4
113,New Jersey,29,High,Level 7
117,South Carolina,40,Moderate,Level 4
120,New York,31,High,Level 9
125,Nevada,27,Low,Level 1
132,Maine,18,Low,Level 1
133,SW Florida,8,High,Level 7
142,South Carolina,40,Moderate,Level 4
144,University of Alabama ,1,Moderate,Level 4
148,Northern Kentucky,16,Moderate,Level 5
160,Florida,8,High,Level 7
162,Wisconsin,49,High,Level 6
165,Kentucky ,16,Moderate,Level 5
176,Tennessee,42,Moderate,Level 5
178,Utah,44,Low,Level 1
183,Central Florida,8,High,Level 7
185,Washington DC metro,47,High,Level 7
191,Central Ohio,34,High,Level 7
196,Iowa,14,Moderate,Level 4
198,Eastern North Carolina,32,High,Level 7
202,Wisconsin,49,High,Level 6
205,North Texas,43,High,Level 9
206,New York,31,High,Level 9
211,Pure Michigan ,21,High,Level 7
214,Florida,8,High,Level 7
215,some were in Texas ,43,High,Level 9
223,California,5,High,Level 8
224,Minnesota,22,Moderate,Level 4
229,Texas<U+0001F402>,43,High,Level 9
231,Washington,47,High,Level 7
236,New York,31,High,Level 9
243,California ,5,High,Level 8
247,Illinois,12,Moderate,Level 5
248,California,5,High,Level 8
249,South West Florida,8,High,Level 7
256,virginia.,46,High,Level 7
257,Southern California,5,High,Level 8
260,North Carolina & SW7 London UK,32,High,Level 7
261,Illinois,12,Moderate,Level 5
263,Connecticut!,7,Low,Level 3
265,Alabama,1,Moderate,Level 4
268,West By God Virginia ,46,High,Level 7
277,Tennessee,42,Moderate,Level 5
284,Texas,43,High,Level 9
286,Louisiana  Ohio,34,High,Level 7
292,Jamaica ( Iowa ).,14,Moderate,Level 4
297,Southern California,5,High,Level 8
306,Texas ,43,High,Level 9
309,New York,31,High,Level 9
311,Maui / Oregon,36,Moderate,Level 4
314,Illinois,12,Moderate,Level 5
315,Iowa,14,Moderate,Level 4
316,University of Iowa,14,Moderate,Level 4
324,Florida,8,High,Level 7
334,New York / London ,31,High,Level 9
335,Texas,43,High,Level 9
340,Arizona,3,Moderate,Level 6
341,New Jersey,29,High,Level 7
342,Washington.Born in R.I.<U+2764>,47,High,Level 7
348,new york,31,High,Level 9
349,Florida,8,High,Level 7
353,New York,31,High,Level 9
355,New Hampshire,28,Low,Level 1
362,Texas,43,High,Level 9
368,Vermont,45,Low,Level 1
369,northeast ohio,34,High,Level 7
370,Washington/ Geneva,47,High,Level 7
371,Florida,8,High,Level 7
372,Central and Northern Michigan,21,High,Level 7
384,Northern Virginia ,46,High,Level 7
385,Tulsa Oklahoma,35,Moderate,Level 5
389,Ohio,34,High,Level 7
394,new york,31,High,Level 9
395,South Florida,8,High,Level 7
396,Minnesota,22,Moderate,Level 4
402,Texas,43,High,Level 9
407,Texas,43,High,Level 9
411,California,5,High,Level 8
413,Dayton Ohio,34,High,Level 7
414,Washington Co./Pittsburgh area,47,High,Level 7
416,Michigan USA,21,High,Level 7
418,Indiana,13,High,Level 7
5029,WA State & North Idaho,11,Low,Level 1
427,North Carolina ,32,High,Level 7
438,Kansas,15,Moderate,Level 5
440,texas,43,High,Level 9
446,Bryan/College Station Texas,43,High,Level 9
447,Wisconsin,49,High,Level 6
451,Northern California,5,High,Level 8
456,Colorado,6,High,Level 7
460,Georgia,9,Moderate,Level 5
461,N. California - West Coast,5,High,Level 8
462,Illinois,12,Moderate,Level 5
469,Connecticut,7,Low,Level 3
471,California,5,High,Level 8
475,Oklahoma/Colorado,35,Moderate,Level 5
476,Colorado,6,High,Level 7
484,Hawaii,10,Low,Level 1
494,California,5,High,Level 8
497,Alabama,1,Moderate,Level 4
502,North Carolina,32,High,Level 7
505,Connecticut,7,Low,Level 3
511,Florida ,8,High,Level 7
520,West Virginia USA,48,Low,Level 1
521,California,5,High,Level 8
1603,Southern Idaho,11,Low,Level 1
527,New York,31,High,Level 9
529,Cassville. Missouri,24,Moderate,Level 4
530,Kansas City. ,15,Moderate,Level 5
531,Ohio,34,High,Level 7
537,Wisconsin. ,49,High,Level 6
542,Washington State,47,High,Level 7
543,ohio,34,High,Level 7
548,Maryland,19,Moderate,Level 5
549,North Carolina,32,High,Level 7
551,Georgia Girl I am ;),9,Moderate,Level 5
555,Utah,44,Low,Level 1
558,Eugene Oregon,36,Moderate,Level 4
559,Southern California,5,High,Level 8
561,Mid-Michigan,21,High,Level 7
567,West Virginia,48,Low,Level 1
574,South Florida,8,High,Level 7
581,Alaska,2,Low,Level 2
582,North Carolina,32,High,Level 7
590,Texas,43,High,Level 9
593,Georgia,9,Moderate,Level 5
596,Rural Arkansas,4,Moderate,Level 5
601,West By God Virginia,46,High,Level 7
613,INDIANA,13,High,Level 7
614,New York,31,High,Level 9
619,Indiana,13,High,Level 7
620,Kansas City no Kansas ,15,Moderate,Level 5
621,Utah,44,Low,Level 1
626,|| Ohio || IRLTV,34,High,Level 7
627,Colorado Springs,6,High,Level 7
633,Minnesota-yeah-sure-youbetcha,22,Moderate,Level 4
634,New Jersey ,29,High,Level 7
637,New York,31,High,Level 9
640,Colorado • UCCS '20,6,High,Level 7
649,New York,31,High,Level 9
657,Texas,43,High,Level 9
658,Ohio,34,High,Level 7
2289,Salmon Idaho,11,Low,Level 1
662,New Jersey ,29,High,Level 7
663,New York,31,High,Level 9
667,Michigan ,21,High,Level 7
668,New York State,31,High,Level 9
669,Arkansas,4,Moderate,Level 5
671,Georgiaaaa ,9,Moderate,Level 5
672,Colorado,6,High,Level 7
679,Texas Ya'll,43,High,Level 9
681,Stuart's Draft Virginia ,46,High,Level 7
685,California,5,High,Level 8
694,Ohio Clouds,34,High,Level 7
701,Nevada,27,Low,Level 1
702,texas,43,High,Level 9
704,South Carolina.,40,Moderate,Level 4
707,Texas,43,High,Level 9
710,Mid-Gulf Coast of Florida,8,High,Level 7
711,Kentucky,16,Moderate,Level 5
712,New Hampshire,28,Low,Level 1
733,Maryland ,19,Moderate,Level 5
734,btwn cali&texas ,43,High,Level 9
735,Colorado,6,High,Level 7
739,New Jersey,29,High,Level 7
741,Texas yall,43,High,Level 9
743,Pittsburg Kansas,15,Moderate,Level 5
744,California Central Coast,5,High,Level 8
745,Colorado,6,High,Level 7
746,Tulare California,5,High,Level 8
747,Massachusetts,20,Moderate,Level 4
759,Texas,43,High,Level 9
760,Upstate New York,31,High,Level 9
768,Michigan <U+270B> Flint Dirty Water,21,High,Level 7
772,Oklahoma,35,Moderate,Level 5
773,A Swamp on Florida West Coast,8,High,Level 7
777,missouri,24,Moderate,Level 4
778,Virginia,46,High,Level 7
781,akron ohio,34,High,Level 7
782,Rome - Jeddah - Virginia,46,High,Level 7
784,New Jersey,29,High,Level 7
785,Michigan,21,High,Level 7
786,Texas,43,High,Level 9
787,Ohio,34,High,Level 7
792,Texas,43,High,Level 9
801,Georgia,9,Moderate,Level 5
817,Ohio,34,High,Level 7
819,minnesota i guess,22,Moderate,Level 4
823,Colorado,6,High,Level 7
826,Tennessee,42,Moderate,Level 5
829,Wisconsin,49,High,Level 6
830,Virginia,46,High,Level 7
834,New York/London,31,High,Level 9
837,North Carolina,32,High,Level 7
839,Whiteside County Illinois,12,Moderate,Level 5
844,Indiana,13,High,Level 7
848,Colorado,6,High,Level 7
849,souf louisiana,17,High,Level 7
851,Louisiana,17,High,Level 7
856,<U+0001F4CD>Texas,43,High,Level 9
858,Michigan,21,High,Level 7
860,New York,31,High,Level 9
862,California,5,High,Level 8
870,Northeast Iowa/Southwest Wisconsin,49,High,Level 6
874,Colorado,6,High,Level 7
881,Michigan,21,High,Level 7
885,Massachusetts,20,Moderate,Level 4
886,Occupied Haudenosauneega (Iroquois) (Illinois),12,Moderate,Level 5
888,wisconsin,49,High,Level 6
890,North Carolina,32,High,Level 7
892,North East MissOuri (NEMO),24,Moderate,Level 4
893,New York-Jerusalem,31,High,Level 9
896,New Jersey,29,High,Level 7
900,Illinois,12,Moderate,Level 5
904,Indiana,13,High,Level 7
907,Virginia,46,High,Level 7
908,Michigan,21,High,Level 7
912,Texas,43,High,Level 9
918,Washington/Arlington,47,High,Level 7
921,Pennsylvania & Ohio,38,Low,Level 1
925,Florida,8,High,Level 7
928,Florida,8,High,Level 7
937,Oregonian/Canadian,36,Moderate,Level 4
940,Central Texas Hill Country,43,High,Level 9
941,Michigan,21,High,Level 7
948,Colorado,6,High,Level 7
951,Gulf Coast of TEXAS,43,High,Level 9
954,Ohio,34,High,Level 7
958,Maine,18,Low,Level 1
962,Vermont/Texas USA,45,Low,Level 1
964,Florida,8,High,Level 7
967,North Carolina,32,High,Level 7
968,New Jersey ,29,High,Level 7
970,Spanish Fort Alabama,1,Moderate,Level 4
977,New York City,31,High,Level 9
984,Wisconsin,49,High,Level 6
986,Kentucky,16,Moderate,Level 5
987,Florida,8,High,Level 7
989,Central Texas ,43,High,Level 9
991,Washington DC area,47,High,Level 7
995,Texas,43,High,Level 9
1005,Lexington South Carolina,40,Moderate,Level 4
1007,Ohio River Valley ,34,High,Level 7
1009,ohio,34,High,Level 7
1010,California ,5,High,Level 8
1013,South Florida,8,High,Level 7
1014,Boulder Colorado,6,High,Level 7
1017,Texas,43,High,Level 9
1018,Tennessee,42,Moderate,Level 5
1024,Northwest Arkansas,4,Moderate,Level 5
1026,New York,31,High,Level 9
1029,Indiana,13,High,Level 7
1031,Iowa,14,Moderate,Level 4
1035,Alaska,2,Low,Level 2
1037,Washington,47,High,Level 7
1039,Washington DC,47,High,Level 7
1044,Virginia Beach,46,High,Level 7
1045,Tennessee,42,Moderate,Level 5
1048,DeRidder Louisiana ,17,High,Level 7
1054,Texas,43,High,Level 9
1057,Ohio,34,High,Level 7
1058,Texas,43,High,Level 9
1075,Southern California,5,High,Level 8
1077,New Jersey,29,High,Level 7
1086,Washington State,47,High,Level 7
1089,New York,31,High,Level 9
1091,not Kansas or flavortown,15,Moderate,Level 5
1092,she/they in textextexas,43,High,Level 9
1097,  Central Oregon,36,Moderate,Level 4
1098,Kentucky,16,Moderate,Level 5
1103,oHIo,34,High,Level 7
1104,St.Louis Missouri,24,Moderate,Level 4
1109,Texas,43,High,Level 9
1116,Virginia Beach,46,High,Level 7
1125,florida,8,High,Level 7
1127,  Northern California,5,High,Level 8
1128,Minnesota,22,Moderate,Level 4
1133,Arizona USA,3,Moderate,Level 6
1144,Washington State,47,High,Level 7
1145,New York,31,High,Level 9
1146,Central Iowa,14,Moderate,Level 4
1153,Tennessee,42,Moderate,Level 5
1156,New York City,31,High,Level 9
1158,TEXAS,43,High,Level 9
1160,Reno Nevada,27,Low,Level 1
1165,Washington DC,47,High,Level 7
1167,Eastern Washington,47,High,Level 7
1170,lancaster california,5,High,Level 8
1178,Washington,47,High,Level 7
1180,Austin Texas,43,High,Level 9
1181,Ohio,34,High,Level 7
1188,NE Ohio. Near Lake Erie.,34,High,Level 7
1193,Ohio,34,High,Level 7
1195,Arizona ,3,Moderate,Level 6
1200,North Carolina,32,High,Level 7
1201,florida,8,High,Level 7
1204,New York City,31,High,Level 9
1207,Illinois,12,Moderate,Level 5
1208,Colorado,6,High,Level 7
1209,Ohio,34,High,Level 7
1212,Kentucky,16,Moderate,Level 5
1213,Maryland,19,Moderate,Level 5
1215,Missouri,24,Moderate,Level 4
1219,cleveland ohio,34,High,Level 7
1220,Indianapolis Indiana ,13,High,Level 7
1222,The Commonwealth of Kentucky,16,Moderate,Level 5
1230,Utah,44,Low,Level 1
1234,west indiana,13,High,Level 7
1237,Colorado,6,High,Level 7
1248,Northern Illinois,12,Moderate,Level 5
1257,Kentucky,16,Moderate,Level 5
1258,illinois,12,Moderate,Level 5
1259,Western North Carolina,32,High,Level 7
1265,uiowa,14,Moderate,Level 4
420,Lewiston Idaho,11,Low,Level 1
1272,Indianapolis//Paris/NYC,13,High,Level 7
1290,New York/Bengaluru,31,High,Level 9
1291,California,5,High,Level 8
1292,illinois wesleyan university,12,Moderate,Level 5
1300,texas,43,High,Level 9
1302,West Virginia,48,Low,Level 1
1304,Maine,18,Low,Level 1
1305,Oklahoma,35,Moderate,Level 5
1306, Indianapolis IN,13,High,Level 7
1307,#USMC #Texas #UNT #ThePoint,43,High,Level 9
1308,Rio de Janeiro - New York,31,High,Level 9
1312,Tennessee,42,Moderate,Level 5
1316,Minnesota,22,Moderate,Level 4
1318,OhiO,34,High,Level 7
1320,ohio,34,High,Level 7
1321,Cincinnati Ohio,34,High,Level 7
1324,Northern New Jersey,29,High,Level 7
1326,Indianapolis area,13,High,Level 7
1336,Maryland,19,Moderate,Level 5
1341,Edinburg Texas,43,High,Level 9
1342,Minnesota,22,Moderate,Level 4
1344,New York,31,High,Level 9
1346,Utah,44,Low,Level 1
1347,Virginia,46,High,Level 7
1355,Southern Maine,18,Low,Level 1
1364,Deep in the heart of Texas,43,High,Level 9
1365,Maine,18,Low,Level 1
1371,Texas,43,High,Level 9
1372,New York City,31,High,Level 9
1374,Wisconsin,49,High,Level 6
1380,ohio.,34,High,Level 7
1381,Maryland !! <U+0001F499>,19,Moderate,Level 5
1384,Massachusetts,20,Moderate,Level 4
1388,North Georgia Mountains,9,Moderate,Level 5
1393,California,5,High,Level 8
1395,<U+2642> ALABAMA ¤ click for ammo <U+2192>,1,Moderate,Level 4
1398, Sweet Home Alabama <U+203C><U+FE0F> <U+2665><U+FE0F><U+2665><U+FE0F>,1,Moderate,Level 4
1407,New York City,31,High,Level 9
1409,Utah,44,Low,Level 1
1411,USVI • New York • Boston,31,High,Level 9
1413,South Carolina,40,Moderate,Level 4
1418,Washington DC,47,High,Level 7
1426,Florida by way of California,8,High,Level 7
1427,Kansas City,15,Moderate,Level 5
1429,texas,43,High,Level 9
1441,Not So Sunny Florida,8,High,Level 7
1443,Alabama,1,Moderate,Level 4
1445,Texas,43,High,Level 9
1446,Alabama,1,Moderate,Level 4
1448,Western New York state,31,High,Level 9
1450,somewhere in Texas,43,High,Level 9
1457,Upper Michigan,21,High,Level 7
1458,North Carolina,32,High,Level 7
1465,New York City<U+2728>,31,High,Level 9
1472,New York,31,High,Level 9
1475,NW Iowa,14,Moderate,Level 4
1477,#TexasHouston,43,High,Level 9
1479,New York,31,High,Level 9
1482,Salem Oregon,36,Moderate,Level 4
1490,northern california babey,5,High,Level 8
1494,New York,31,High,Level 9
1499,Maine,18,Low,Level 1
1507,Ohio,34,High,Level 7
1508,Iowa,14,Moderate,Level 4
1514,MARYLANDASS KENTLAND ASS NIGGA,19,Moderate,Level 5
1518,Oregon,36,Moderate,Level 4
1531,s florida & brooklyn,8,High,Level 7
1532,#Maine,18,Low,Level 1
1534,Connecticut,7,Low,Level 3
1536,Central California,5,High,Level 8
1537,Maryland,19,Moderate,Level 5
1541,Wisconsin,49,High,Level 6
1542,NW Ohio,34,High,Level 7
1545,Southern California,5,High,Level 8
1547,University of California ,5,High,Level 8
1548,Indiana <U+2708> St. Louis ,13,High,Level 7
1549,Everett Washington USA,47,High,Level 7
1558,Jamaica <U+0001F1EF><U+0001F1F2> <U+27A1><U+FE0F> New York <U+0001F5FD>,31,High,Level 9
1563,Hamilton Township Ohio,34,High,Level 7
1566,Texas.,43,High,Level 9
1567,Texas ,43,High,Level 9
1570,The Great State of TEXAS,43,High,Level 9
1576,Colorado,6,High,Level 7
1580,ohio,34,High,Level 7
1581,LA and New York City,31,High,Level 9
1582,Morrow Ohio,34,High,Level 7
1586,Maryland,19,Moderate,Level 5
1595,Louisiana,17,High,Level 7
1601,Maine,18,Low,Level 1
2146,kuna idaho,11,Low,Level 1
1604,Iowa,14,Moderate,Level 4
1609,New Hampshire,28,Low,Level 1
1614,Somewhere in Indiana,13,High,Level 7
1622,Oregon,36,Moderate,Level 4
1629,Ohio,34,High,Level 7
1631,New York,31,High,Level 9
1634,Michigan,21,High,Level 7
1640,Ohio,34,High,Level 7
1641,Louisiana ,17,High,Level 7
1644,U of North Carolina,32,High,Level 7
1645,Texas,43,High,Level 9
1656,Brooklyn New York,31,High,Level 9
1659,New Jersey,29,High,Level 7
1660,New york ,31,High,Level 9
1666,MF Kansas,15,Moderate,Level 5
1670,Coastal Georgia ,9,Moderate,Level 5
1673,Oklahoma,35,Moderate,Level 5
1674,California,5,High,Level 8
1675,Wisconsin,49,High,Level 6
1677,Utah,44,Low,Level 1
1680,New Mexico,30,Low,Level 1
1681,Washington DC,47,High,Level 7
1683,Athens Georgia,9,Moderate,Level 5
1691,North Carolina,32,High,Level 7
1693,New York,31,High,Level 9
1704,Nevada,27,Low,Level 1
1705,Washington DC,47,High,Level 7
1707,Washington DC Area,47,High,Level 7
1708,Arkansas ,4,Moderate,Level 5
1712,Sunny Southern California,5,High,Level 8
1713,880 Virginia Ave,46,High,Level 7
1714,Texas,43,High,Level 9
1715,Kansas City,15,Moderate,Level 5
1722,South Carolina ,40,Moderate,Level 4
1724,Midland Texas,43,High,Level 9
1728,New York,31,High,Level 9
1729,West by God Virginia,46,High,Level 7
1731,San Diego California,5,High,Level 8
1732,arizona,3,Moderate,Level 6
1744,New York,31,High,Level 9
1748,New York City,31,High,Level 9
1757,West Virginia University,48,Low,Level 1
1765,Texas,43,High,Level 9
1766,Washington DC,47,High,Level 7
1779,People's Republic of New York,31,High,Level 9
1780,Washington DC,47,High,Level 7
1784,Kansas,15,Moderate,Level 5
1786,Austin texas,43,High,Level 9
1797,Ohio,34,High,Level 7
1801,New Jersey,29,High,Level 7
1802,Portland Oregon ,36,Moderate,Level 4
1805,Arizona,3,Moderate,Level 6
1810,Virginia,46,High,Level 7
1811,Wilton Connecticut,7,Low,Level 3
1813,California,5,High,Level 8
1819,Western Massachusetts,20,Moderate,Level 4
1820,Michigan ,21,High,Level 7
1823,Minnesota,22,Moderate,Level 4
1831,California,5,High,Level 8
1834,somewhere in colorado,6,High,Level 7
1838,Florida,8,High,Level 7
1852, Somewhere in alaska,2,Low,Level 2
1862,Oklahoma,35,Moderate,Level 5
1863,Maryland,19,Moderate,Level 5
1865,Michigan,21,High,Level 7
1866,somewhere in hawaii,10,Low,Level 1
1874,St. Louis & Kansas City - USA,15,Moderate,Level 5
1876,New York,31,High,Level 9
1878,Missouri,24,Moderate,Level 4
1884,Northern Ohio,34,High,Level 7
1885,Iowa,14,Moderate,Level 4
1889,Maryland,19,Moderate,Level 5
1895,new york city,31,High,Level 9
1898,Washington DC,47,High,Level 7
1904,New Jersey,29,High,Level 7
1907,Down East Maine,18,Low,Level 1
1908,Boston <U+2708><U+FE0F> Ohio,34,High,Level 7
1910,Old New Jersey,29,High,Level 7
1915,Arizona,3,Moderate,Level 6
1916,New Jersey,29,High,Level 7
1917,TEXAS,43,High,Level 9
1923,Washington DC,47,High,Level 7
1926,Oklahoma,35,Moderate,Level 5
1929,Greater New York Area,31,High,Level 9
1933,New York,31,High,Level 9
1934,Maryland,19,Moderate,Level 5
1936,Northwest Arkansas ,4,Moderate,Level 5
1937,New Jersey,29,High,Level 7
1938,California,5,High,Level 8
1940,South Dakota,41,Low,Level 1
1946,California ,5,High,Level 8
1947,alaska // bham,2,Low,Level 2
1949,Amissville Virginia,46,High,Level 7
1952,Iowa,14,Moderate,Level 4
1957,Northern Virginia,46,High,Level 7
1959,stuck in illinois ,12,Moderate,Level 5
1964,DFW/Texas,43,High,Level 9
1966,New York City,31,High,Level 9
1970,Maryland,19,Moderate,Level 5
1972,Kansas City MO 64133,15,Moderate,Level 5
1973,New York,31,High,Level 9
1977,New Hampshire,28,Low,Level 1
1979,Michigan,21,High,Level 7
1982,Perrysburg Ohio,34,High,Level 7
1985,New York Metro,31,High,Level 9
1988,Indiana,13,High,Level 7
1989,Indiana,13,High,Level 7
1990,california,5,High,Level 8
1992,New York,31,High,Level 9
1993,NoVa (northern virginia),46,High,Level 7
1996,Michigan,21,High,Level 7
2002,California,5,High,Level 8
2006,Alabama The Beautiful,1,Moderate,Level 4
2008,California,5,High,Level 8
2012,Michigan,21,High,Level 7
2016,florida ,8,High,Level 7
2018,Wisconsin,49,High,Level 6
2019,Washington DC,47,High,Level 7
2021,Seattle Washington,47,High,Level 7
2023,New York,31,High,Level 9
2027,Georgia,9,Moderate,Level 5
2031,Central Coast California,5,High,Level 8
2042,Alabama-Florida,8,High,Level 7
2045,Iowa,14,Moderate,Level 4
2046,Anna Illinois,12,Moderate,Level 5
2050,Asgard - Texas,43,High,Level 9
2051,Texas,43,High,Level 9
2052,California,5,High,Level 8
2059,E. Tennessee,42,Moderate,Level 5
2065,Republic of Texas ,43,High,Level 9
2069,South Carolina,40,Moderate,Level 4
2070,Arkansas,4,Moderate,Level 5
2071,Arkansas,4,Moderate,Level 5
2078,San Antonio Texas,43,High,Level 9
2079,Frisco Texas,43,High,Level 9
2080,Florida,8,High,Level 7
2081,Wisconsin,49,High,Level 6
2083,North Carolina,32,High,Level 7
2086,Minnesota/Wisconsin,49,High,Level 6
2088,California ,5,High,Level 8
2091,Chicago Illinois USA,12,Moderate,Level 5
2092,South Florida,8,High,Level 7
2094,In the woods of Massachusetts,20,Moderate,Level 4
2095,Central Texas,43,High,Level 9
2102,Vermont,45,Low,Level 1
2104,Michigan,21,High,Level 7
2128,Louisiana,17,High,Level 7
2133,Maryland,19,Moderate,Level 5
2139,Oregon,36,Moderate,Level 4
2141,Sunny Southern California,5,High,Level 8
2142,Clearwater FL-New York,31,High,Level 9
2143,Texas,43,High,Level 9
1271,idaho,11,Low,Level 1
2150,California,5,High,Level 8
2152,Palestine Texas,43,High,Level 9
2153,Oklahoma,35,Moderate,Level 5
2159,Wisconsin,49,High,Level 6
2160,Crestview Florida...gulf coast,8,High,Level 7
2161,801 Washington Blvd,47,High,Level 7
2165,North Texas,43,High,Level 9
2167,Colorado,6,High,Level 7
2173,Wisconsin,49,High,Level 6
2175,Connecticut,7,Low,Level 3
2178,Wisconsin,49,High,Level 6
2179,Hawaii,10,Low,Level 1
2181,Arizona,3,Moderate,Level 6
2189,Oregon ,36,Moderate,Level 4
2190,New York ,31,High,Level 9
2191,Maine,18,Low,Level 1
2204,Oregon,36,Moderate,Level 4
2205,New York City,31,High,Level 9
2212,P-Town South Dakota,41,Low,Level 1
2215,South Carolina,40,Moderate,Level 4
2220,houston mf texas ,43,High,Level 9
2221,Indiana,13,High,Level 7
2223,New York,31,High,Level 9
2225,Pennsylvania and Maryland,38,Low,Level 1
2237,New Hampshire,28,Low,Level 1
2244,Arizona,3,Moderate,Level 6
2245,Florida USA ,8,High,Level 7
2246,Miami Florida,8,High,Level 7
2249,Maryland,19,Moderate,Level 5
2253,California,5,High,Level 8
2254,South Carolina,40,Moderate,Level 4
2257,Western Arkansas,4,Moderate,Level 5
2259,California,5,High,Level 8
2262,Tennessee,42,Moderate,Level 5
2263,Tennessee,42,Moderate,Level 5
2270,Massachusetts,20,Moderate,Level 4
2277,United States - Ohio,34,High,Level 7
2278,Georgia,9,Moderate,Level 5
2280,Up North - Michigan,21,High,Level 7
2286,Michigan,21,High,Level 7
3636,Idaho,11,Low,Level 1
2300,Connecticut,7,Low,Level 3
2301,South Carolina,40,Moderate,Level 4
2306,Northern Virginia ,46,High,Level 7
2307,California USA,5,High,Level 8
2309,Washington DC,47,High,Level 7
2310,Virginia,46,High,Level 7
2316,New York,31,High,Level 9
2328,New York,31,High,Level 9
2333,Missouri,24,Moderate,Level 4
2336,Washington D.C.,47,High,Level 7
2341,Ohio,34,High,Level 7
2344,Alaska,2,Low,Level 2
2345,Texas,43,High,Level 9
2348,New Jersey,29,High,Level 7
2351,Northern Virginia,46,High,Level 7
2354,Columbus Ohio,34,High,Level 7
2356,Texas,43,High,Level 9
2357,north carolina,32,High,Level 7
2358,Northwest Arkansas,4,Moderate,Level 5
2361,Washington D.C.,47,High,Level 7
2362,Maryland,19,Moderate,Level 5
2369,Central Mississippi,23,Low,Level 1
2378,ohio,34,High,Level 7
2382,Washington DC,47,High,Level 7
2383,Iowa,14,Moderate,Level 4
2385,New Jersey,29,High,Level 7
2386,Tennessee,42,Moderate,Level 5
2389,Virginia,46,High,Level 7
2393,IOWA,14,Moderate,Level 4
2396,Texas ,43,High,Level 9
2397,Arizona-NY,3,Moderate,Level 6
2400,Northern California,5,High,Level 8
2401,South Florida,8,High,Level 7
2402,Florida,8,High,Level 7
2403,Washington DC,47,High,Level 7
2408,OHIO,34,High,Level 7
2410,Massachusetts,20,Moderate,Level 4
2411,New York,31,High,Level 9
2415,Northwest Arkansas,4,Moderate,Level 5
2421,Massachusetts ,20,Moderate,Level 4
2424,Arkansas ,4,Moderate,Level 5
2425,Tennessee,42,Moderate,Level 5
2430,Ohio,34,High,Level 7
2437,Indiana,13,High,Level 7
2441,Virginia Beach,46,High,Level 7
2442,Texas,43,High,Level 9
2444,Michigan,21,High,Level 7
2447,Ohio,34,High,Level 7
2450,illinois,12,Moderate,Level 5
2451,Arizona,3,Moderate,Level 6
2455,New York City,31,High,Level 9
2456,North Carolina,32,High,Level 7
2461,Florida,8,High,Level 7
2471,Colorado,6,High,Level 7
2472,rapid city south dakota,41,Low,Level 1
2475,GREAT STATE OF GEORGIA / ATL,9,Moderate,Level 5
2478,Southern California,5,High,Level 8
2479,Washington DC,47,High,Level 7
2486,Texas Gulf Coast,43,High,Level 9
2490,florida. <U+2600><U+FE0F>,8,High,Level 7
2494,Texas,43,High,Level 9
2498,Southern California,5,High,Level 8
2501,New York City,31,High,Level 9
2502,Missouri,24,Moderate,Level 4
2506,TEXAS,43,High,Level 9
2509,Deep in the heart of Texas,43,High,Level 9
2514,California,5,High,Level 8
2515,University of Nevada Las Vegas,27,Low,Level 1
2516,Texas,43,High,Level 9
2517,California,5,High,Level 8
2522,North Texas,43,High,Level 9
2523,South Texas,43,High,Level 9
2529,Colorado,6,High,Level 7
2530,California <U+2600>,5,High,Level 8
2534,louisiana vs the world,17,High,Level 7
2539,Indiana,13,High,Level 7
2540,Indianapolis ,13,High,Level 7
2542,Texas,43,High,Level 9
2543,california ,5,High,Level 8
2549,Maryland,19,Moderate,Level 5
2550,Florida,8,High,Level 7
2558,texas 4ever like Bun B,43,High,Level 9
2560,Indiana,13,High,Level 7
2563,texas. ,43,High,Level 9
2566,Louisiana,17,High,Level 7
2567,Las Vegas Nevada,27,Low,Level 1
2572,California,5,High,Level 8
2574,Somewhere in Michigan,21,High,Level 7
2577,West Texas,43,High,Level 9
2582,onalaska,2,Low,Level 2
2585,California,5,High,Level 8
2586,1734 New Hampshire Ave. ,28,Low,Level 1
2587,South Carolina,40,Moderate,Level 4
2591,maryland/new york,31,High,Level 9
2592,SW Florida,8,High,Level 7
2595,Colorado,6,High,Level 7
2599,Wisconsin,49,High,Level 6
2600,Washington DC,47,High,Level 7
2601,Washington state,47,High,Level 7
2602,California,5,High,Level 8
2609,Illinois,12,Moderate,Level 5
2611,California,5,High,Level 8
2614,Colorado. ,6,High,Level 7
2618,Alabama and sometimes DC.,1,Moderate,Level 4
2620,The Ohio State University,34,High,Level 7
2622,Columbus Indiana,13,High,Level 7
2624,Virginia,46,High,Level 7
2630,Massachusetts,20,Moderate,Level 4
2633,Deep in the <U+2665> of TEXAS,43,High,Level 9
2636,Texas,43,High,Level 9
2638,Georgia,9,Moderate,Level 5
2641,Southern California,5,High,Level 8
2642,ohio / SCAD ‘22,34,High,Level 7
2644,mid-Missouri,24,Moderate,Level 4
2645,NEW YORK! NEW YORK!,31,High,Level 9
2647,New Jersey,29,High,Level 7
2650,Florida,8,High,Level 7
2651,Louisiana,17,High,Level 7
2661,New Mexico,30,Low,Level 1
2670,Louisiana,17,High,Level 7
2671,Indiana,13,High,Level 7
2676,Illinois,12,Moderate,Level 5
2677,Kentucky ,16,Moderate,Level 5
2678,Tennessee ,42,Moderate,Level 5
2680,Kentucky,16,Moderate,Level 5
2682,California,5,High,Level 8
2686,https://www.texastribune.org/directory/rashad-jafer/,43,High,Level 9
2689, TEXAS ,43,High,Level 9
2697,Wisconsin,49,High,Level 6
2707,Colorado,6,High,Level 7
2710,New York,31,High,Level 9
2711,New York,31,High,Level 9
2712,Maryland,19,Moderate,Level 5
2714,NorthWest Arkansas,4,Moderate,Level 5
2719,Ohio,34,High,Level 7
2722,Deep Down South In Louisiana ,17,High,Level 7
2723,Oklahoma,35,Moderate,Level 5
2732,New York,31,High,Level 9
2737,Maryland/DC,19,Moderate,Level 5
2742,Nebraska/Iowa USA,26,Low,Level 1
2743,Texas,43,High,Level 9
2748,New York City,31,High,Level 9
2750,Somewhere in Texas,43,High,Level 9
2751,Waterloo iowa,14,Moderate,Level 4
2753,Texas,43,High,Level 9
2754,Arkansas <U+0001F417>,4,Moderate,Level 5
2760,Wisconsin State Journal,49,High,Level 6
2763,New York,31,High,Level 9
2780,South Florida,8,High,Level 7
2781,USA/Massachusetts,20,Moderate,Level 4
2782,Michigan,21,High,Level 7
2788,The Great State of Texas,43,High,Level 9
2790,Texas State University - @TXST_CLS,43,High,Level 9
2791,las Vegas Nevada,27,Low,Level 1
2796,Connecticut,7,Low,Level 3
2800,Santa Ana California,5,High,Level 8
2803,Texas,43,High,Level 9
2808,Northwest Arkansas,4,Moderate,Level 5
2809,With My Boys Texas <U+0001F499>,43,High,Level 9
2810,Virginia,46,High,Level 7
2819,New York,31,High,Level 9
2823,Northern Virginia ,46,High,Level 7
2825,Northern California,5,High,Level 8
2827,West Central Florida,8,High,Level 7
2834,Maryland,19,Moderate,Level 5
2835,Connecticut,7,Low,Level 3
2836,Massachusetts,20,Moderate,Level 4
2839,New York City,31,High,Level 9
2841,Kansas City,15,Moderate,Level 5
2842,maryland<U+0001F980>,19,Moderate,Level 5
2847,Indianapolis,13,High,Level 7
2851,New Jersey ,29,High,Level 7
2854,Michigan,21,High,Level 7
2856,Vermont,45,Low,Level 1
2859,Louisiana,17,High,Level 7
2862,TEXAS,43,High,Level 9
2866,Florida,8,High,Level 7
2867,Washington State,47,High,Level 7
4888,Idaho,11,Low,Level 1
2870,Ohio,34,High,Level 7
2873,Cornfields of Indiana,13,High,Level 7
2878,CALIFORNIA (CA VOTED 4 HILLARY!),5,High,Level 8
2879,Good ole North Carolina ~ USA,32,High,Level 7
2880,Kentucky,16,Moderate,Level 5
2883,California,5,High,Level 8
2884,Michigan,21,High,Level 7
2888,Tennessee?,42,Moderate,Level 5
2890,California,5,High,Level 8
2891,East Tennessee,42,Moderate,Level 5
2896,Georgia,9,Moderate,Level 5
2902,new york,31,High,Level 9
2903,TEXAS,43,High,Level 9
2912,New Hampshire ,28,Low,Level 1
2913,Massachusetts,20,Moderate,Level 4
2915,alaska,2,Low,Level 2
2922,New York,31,High,Level 9
2927,Central Oregon,36,Moderate,Level 4
2929,Massachusetts,20,Moderate,Level 4
2930,Northern Kentucky,16,Moderate,Level 5
2931,Powder Springs Georgia USA,9,Moderate,Level 5
2934,northern Virginia,46,High,Level 7
2936,State of Ohio,34,High,Level 7
2937,#KansasCity #Waldo ,15,Moderate,Level 5
2941,Washington State,47,High,Level 7
2944,Houston Texas ,43,High,Level 9
2947, Oklahoma,35,Moderate,Level 5
2958,New York,31,High,Level 9
2960,N/W Ohio.,34,High,Level 7
2968,Texas,43,High,Level 9
2970,California,5,High,Level 8
2971,New York <U+26F5><U+FE0F>Rhode Island <U+2693><U+FE0F>,39,Low,Level 1
2975,Connecticut,7,Low,Level 3
2978,My state of Virginia <U+0001F622>,46,High,Level 7
2982,Alabama,1,Moderate,Level 4
2983,Texas,43,High,Level 9
2992,Hawaii,10,Low,Level 1
2993,the great state of georgia,9,Moderate,Level 5
2995,North Florida,8,High,Level 7
2998,Florida,8,High,Level 7
3000,Wisconsin,49,High,Level 6
3001,Texas,43,High,Level 9
3003,Washington DC,47,High,Level 7
3005,North Texas,43,High,Level 9
3006,North Carolina,32,High,Level 7
3010,Norman Oklahoma ,35,Moderate,Level 5
3014,Indiana,13,High,Level 7
3018,Alabama,1,Moderate,Level 4
3020,Mississippi,23,Low,Level 1
3026,North Carolina,32,High,Level 7
3031,New Jersey,29,High,Level 7
3032,Maine,18,Low,Level 1
3033,New York,31,High,Level 9
3034,New York,31,High,Level 9
3040,north texas,43,High,Level 9
3045,Texas,43,High,Level 9
3056,Southwestern Michigan,21,High,Level 7
3061,deep in the heart of Texas,43,High,Level 9
3063,West Michigan,21,High,Level 7
3066,Central Arkansas,4,Moderate,Level 5
3068,Minnesota,22,Moderate,Level 4
3071,Northwest Arkansas,4,Moderate,Level 5
3072,Northern California,5,High,Level 8
3073,texas,43,High,Level 9
3076,New York,31,High,Level 9
3077,Bowling Green Kentucky,16,Moderate,Level 5
3079,Indivisible Arkansas ,4,Moderate,Level 5
3081,Kansas,15,Moderate,Level 5
3082,The Armpit of Florida,8,High,Level 7
3085,New York City,31,High,Level 9
3086,South Carolina,40,Moderate,Level 4
3088,Indiana,13,High,Level 7
3089,New York State,31,High,Level 9
3093,Kentucky,16,Moderate,Level 5
3095,New York City,31,High,Level 9
3096,Virginia,46,High,Level 7
3102,west virginia,48,Low,Level 1
3118,DUBAI AND NEW JERSEY,29,High,Level 7
3119,Central Florida,8,High,Level 7
3125,Indiana,13,High,Level 7
3131,Florida,8,High,Level 7
3142,Virginia,46,High,Level 7
3146,Alabama,1,Moderate,Level 4
3148,Georgia,9,Moderate,Level 5
3151,Muskegon Michigan,21,High,Level 7
3153,Duluth Minnesota,22,Moderate,Level 4
3159,New Hampshire,28,Low,Level 1
3165,New Hampshire,28,Low,Level 1
3167,Houston Texas,43,High,Level 9
3168,Spokane Washington ,47,High,Level 7
3174,Wisconsin,49,High,Level 6
3185,new mexico,30,Low,Level 1
3189,ooooooklahoma,35,Moderate,Level 5
3190,Washington DC,47,High,Level 7
3192,Texas whatnot,43,High,Level 9
3199,California,5,High,Level 8
3202,Ohio<U+0001F4CD>Michigan,34,High,Level 7
3203,Florida,8,High,Level 7
3207,Northern California,5,High,Level 8
3210,Central Texas,43,High,Level 9
3213,West Virginia,48,Low,Level 1
3221,New York,31,High,Level 9
3224,Fort Worth Texas,43,High,Level 9
3228,indiana ,13,High,Level 7
3229,Florida,8,High,Level 7
3230,Florida,8,High,Level 7
3232,Massachusetts,20,Moderate,Level 4
3236,Texas,43,High,Level 9
3241,Southern Illinois,12,Moderate,Level 5
3244,California,5,High,Level 8
3247,Maine,18,Low,Level 1
3249,Arizona,3,Moderate,Level 6
3250,Texas #bestplaceonearth,43,High,Level 9
3257,South Carolina ,40,Moderate,Level 4
3260,Marion iowa,14,Moderate,Level 4
3269,Arizona,3,Moderate,Level 6
3278,North Carolina,32,High,Level 7
3285,New York,31,High,Level 9
3288,Georgia,9,Moderate,Level 5
3290,Ohio,34,High,Level 7
3291,Maine,18,Low,Level 1
3295,New York,31,High,Level 9
3296,New York,31,High,Level 9
3305,Northern California,5,High,Level 8
3316,Southern Maine,18,Low,Level 1
3324,NW Ohio--the OTHER Bowling Green...,34,High,Level 7
3325,California Global,5,High,Level 8
3327,Coastal Alabama,1,Moderate,Level 4
3329,Maryland,19,Moderate,Level 5
3330,indiana ,13,High,Level 7
3334,New Mexico,30,Low,Level 1
3344,Colorado,6,High,Level 7
3345,Maryland,19,Moderate,Level 5
3346,California,5,High,Level 8
3348,North Texas,43,High,Level 9
3349,california,5,High,Level 8
3354,Florida,8,High,Level 7
3356,Greater New York Area,31,High,Level 9
3365,Sunny Florida,8,High,Level 7
3373,Minnesota ,22,Moderate,Level 4
3380,Maryland,19,Moderate,Level 5
3384,Northern Nevada,27,Low,Level 1
3385,Wisconsin on a Great Lake,49,High,Level 6
3387,Southern California ,5,High,Level 8
3388,ohio,34,High,Level 7
3389,Florida/Chicago,8,High,Level 7
3391,North Carolina,32,High,Level 7
3396,Oregon,36,Moderate,Level 4
3407,California,5,High,Level 8
3410,New York,31,High,Level 9
3412,Minnesota,22,Moderate,Level 4
3413,Florida,8,High,Level 7
3418,Oklahoma,35,Moderate,Level 5
3421,Florida,8,High,Level 7
3425,The Republic of Texas,43,High,Level 9
3427,North Carolina,32,High,Level 7
3431,Tennessee,42,Moderate,Level 5
3432,ugly texas,43,High,Level 9
3434,Portland Oregon,36,Moderate,Level 4
3435,Wisconsin,49,High,Level 6
3436,Vermont,45,Low,Level 1
3437,Minnesota,22,Moderate,Level 4
3438,New Jersey,29,High,Level 7
3441,Florida,8,High,Level 7
3442,California,5,High,Level 8
3444,Ohio,34,High,Level 7
3446,mississippi,23,Low,Level 1
3453,Oklahoma City,35,Moderate,Level 5
3454, New York,31,High,Level 9
3467,Tennessee,42,Moderate,Level 5
3469,Ohio,34,High,Level 7
3472,new york,31,High,Level 9
3473,Pueblo Colorado,6,High,Level 7
3477,New York,31,High,Level 9
3478,Oregon,36,Moderate,Level 4
3480,North Carolina,32,High,Level 7
3484,New Jersey,29,High,Level 7
3488,missouri,24,Moderate,Level 4
3490,Texas,43,High,Level 9
3494,Oregon,36,Moderate,Level 4
3501,north carolina,32,High,Level 7
3503,New York via Ohio ,34,High,Level 7
3505,Northern California,5,High,Level 8
3506,Kansas City,15,Moderate,Level 5
3510,Michigan ,21,High,Level 7
3512,North Carolina,32,High,Level 7
3513,Washington,47,High,Level 7
3521,Upstate New York,31,High,Level 9
3525,New York,31,High,Level 9
3526,Vermont,45,Low,Level 1
3528,New York,31,High,Level 9
3529,Florida,8,High,Level 7
3530,Louisiana,17,High,Level 7
3532,New York,31,High,Level 9
3536,Ohio,34,High,Level 7
3537,NEW YORK,31,High,Level 9
3538,Iowa,14,Moderate,Level 4
3540,That Shit Hole New Jersey,29,High,Level 7
3542,Northern Illinois,12,Moderate,Level 5
3543,Along the border in West Texas,43,High,Level 9
3544,Georgia,9,Moderate,Level 5
3547,Minnesota,22,Moderate,Level 4
3550,New Jersey,29,High,Level 7
3552,Vermont,45,Low,Level 1
3566,Southern California,5,High,Level 8
3569,Colorado,6,High,Level 7
3571,New York City,31,High,Level 9
3572,New York,31,High,Level 9
3577,Florida <U+0001F606>,8,High,Level 7
3589,Naperville Illinois,12,Moderate,Level 5
3596,Wisconsin,49,High,Level 6
3597,New York,31,High,Level 9
3598,New York,31,High,Level 9
3601,New York,31,High,Level 9
3606,Louisiana,17,High,Level 7
3610,Virginia,46,High,Level 7
3613,Missouri ,24,Moderate,Level 4
3615,Florida,8,High,Level 7
3618,New York City,31,High,Level 9
3619,Flushing New York,31,High,Level 9
3622,Southern Ohio,34,High,Level 7
3623,Flat FLORIDA,8,High,Level 7
3626,Ohio,34,High,Level 7
3628,TEXAS ! <U+0001F1FA><U+0001F1F8>,43,High,Level 9
3634,New York,31,High,Level 9
5105,Idaho,11,Low,Level 1
3637,Connecticut Shoreline and More ...,7,Low,Level 3
3646,Central Florida,8,High,Level 7
3651, New York STATE,31,High,Level 9
3656,California USA,5,High,Level 8
3657,Washington DC,47,High,Level 7
3659,texas,43,High,Level 9
3660,University of Iowa,14,Moderate,Level 4
3662,New York City,31,High,Level 9
3666,Indiana Ohio Indiana Ohio ,34,High,Level 7
3669,washington dc - norfolk va. ,47,High,Level 7
3673,New York,31,High,Level 9
3676,iowa,14,Moderate,Level 4
3680,Missouri,24,Moderate,Level 4
3682,California,5,High,Level 8
3683,Texas,43,High,Level 9
3685,Michigan,21,High,Level 7
3686,Tennessee,42,Moderate,Level 5
3687,Tennessee,42,Moderate,Level 5
3688,Northern Virginia,46,High,Level 7
3696,new york!,31,High,Level 9
3700,North Carolina,32,High,Level 7
3702,Central Michigan University,21,High,Level 7
3703,Missouri,24,Moderate,Level 4
3704,Somewhere down in Texas,43,High,Level 9
3708,New York State,31,High,Level 9
3712,Indiana,13,High,Level 7
3717,Virginia,46,High,Level 7
3718,Texas,43,High,Level 9
3722,Washington DC,47,High,Level 7
3729,OHIO,34,High,Level 7
3730,New York City,31,High,Level 9
3731,New York,31,High,Level 9
3732,Oklahoma City,35,Moderate,Level 5
3737,Virginia,46,High,Level 7
3741,Southern Indiana,13,High,Level 7
3746,New York,31,High,Level 9
3753,Orange Virginia,46,High,Level 7
3755,Oklahoma,35,Moderate,Level 5
3756,Virginia ,46,High,Level 7
3759,Florida,8,High,Level 7
3760,New York,31,High,Level 9
3763,Indiana,13,High,Level 7
3766,Texas,43,High,Level 9
3767,A rock somewhere in ohio,34,High,Level 7
3769,he follows <U+0001F49B> / new york city ,31,High,Level 9
3771,Louisiana,17,High,Level 7
3772,Cedar Rapids-Iowa City CSA,14,Moderate,Level 4
3773,Texas,43,High,Level 9
3775,Oklahoma,35,Moderate,Level 5
3778,North Carolina,32,High,Level 7
3792,North Carolina,32,High,Level 7
3797,washington pa; w&j college,47,High,Level 7
3799,Michigan,21,High,Level 7
3801,California,5,High,Level 8
3810,NW Ohio,34,High,Level 7
3824,New York City,31,High,Level 9
3826,California,5,High,Level 8
3828,texas,43,High,Level 9
3830,Hampton Roads Virginia,46,High,Level 7
3837,Free Republic of California,5,High,Level 8
3841,Southern California,5,High,Level 8
3855,Louisiana ,17,High,Level 7
3858,Louisiana,17,High,Level 7
3859,LOUISIANA,17,High,Level 7
3861,New York,31,High,Level 9
3865,South Carolina USA ,40,Moderate,Level 4
3866,Texas,43,High,Level 9
3867,Georgia,9,Moderate,Level 5
3870,minnesota,22,Moderate,Level 4
3872,Honolulu Hawaii /The Earth,10,Low,Level 1
3875,New York <U+0001F4CD>Atlanta ,31,High,Level 9
3876,Texas <U+2661>,43,High,Level 9
3877,NEW YORK,31,High,Level 9
3879,ohio,34,High,Level 7
3882,California,5,High,Level 8
3883,New York City,31,High,Level 9
3884,Indiana State University,13,High,Level 7
3887,Oklahoma ,35,Moderate,Level 5
3888,Indiana,13,High,Level 7
3890,Arkansas & Nevada ,27,Low,Level 1
3893,Oklahoma City,35,Moderate,Level 5
3901,Florida,8,High,Level 7
3905,Arkansas,4,Moderate,Level 5
3906,Illinois,12,Moderate,Level 5
3907,Miamisburg.Ohio,34,High,Level 7
3912,Texas,43,High,Level 9
3913,New Jersey,29,High,Level 7
3916,NEW YORK,31,High,Level 9
3919,California,5,High,Level 8
3920,Florida,8,High,Level 7
3921,East Tennessee,42,Moderate,Level 5
3923,Utah,44,Low,Level 1
3930,New York City,31,High,Level 9
3931,crowleys ridge arkansas,4,Moderate,Level 5
3935,florida,8,High,Level 7
3940,Virginia,46,High,Level 7
3942,California,5,High,Level 8
3943,New York State of Mind,31,High,Level 9
3944,Massachusetts,20,Moderate,Level 4
3946,Arkansas,4,Moderate,Level 5
3948,somewhere in texas,43,High,Level 9
3949,upper east side (of texas),43,High,Level 9
3950,South East Texas,43,High,Level 9
3957,Washington State Univrsity,47,High,Level 7
3964,Ohio,34,High,Level 7
3972,Central Texas,43,High,Level 9
3982,Maryland,19,Moderate,Level 5
3985,Wrong part of California,5,High,Level 8
3986,texas,43,High,Level 9
3992,Connecticut,7,Low,Level 3
3995,el pueblo colorado,6,High,Level 7
3996,Arkansas,4,Moderate,Level 5
3998, #CALIFORNIA Cruz-in #MCGA,5,High,Level 8
3999,California ,5,High,Level 8
4000,California ,5,High,Level 8
4007,Arizona <U+2708> Georgia,9,Moderate,Level 5
4010,Indiana,13,High,Level 7
4014,Massachusetts,20,Moderate,Level 4
4015,Texas,43,High,Level 9
4016,Kentucky,16,Moderate,Level 5
4017,Albany New York,31,High,Level 9
4021,Southern California,5,High,Level 8
4022,North Carolina,32,High,Level 7
4031,Texas,43,High,Level 9
4032,Kinshasa <U+2708><U+FE0F> Indianapolis,13,High,Level 7
4035,New Jersey,29,High,Level 7
4041,Texas,43,High,Level 9
4044,California,5,High,Level 8
4045,Louisiana,17,High,Level 7
4047,Indianapolis,13,High,Level 7
4056,Michigan,21,High,Level 7
4064,New York City,31,High,Level 9
4069,Washington,47,High,Level 7
4075,Washington DC,47,High,Level 7
4076,Michiganistan,21,High,Level 7
4078,new york city,31,High,Level 9
4082,Cherokee nation Oklahoma,35,Moderate,Level 5
4085,Georgia ,9,Moderate,Level 5
4093,new york,31,High,Level 9
4099,colorado ,6,High,Level 7
4106,Northern Arizona/ Atlanta Ga.,3,Moderate,Level 6
4108,Texas,43,High,Level 9
4109,Crystal City Texas,43,High,Level 9
4110,Baltimore Maryland,19,Moderate,Level 5
4111,born and raised in indiana <U+2661>,13,High,Level 7
4117,maryland,19,Moderate,Level 5
4119,New York City,31,High,Level 9
4128,California USA,5,High,Level 8
4129,Texas,43,High,Level 9
4132,Washington ,47,High,Level 7
4133,Northern Colorado,6,High,Level 7
4135,Ohio,34,High,Level 7
4136,New York,31,High,Level 9
4140,Arizona <U+2600><U+FE0F>,3,Moderate,Level 6
4141,San Angelo Texas,43,High,Level 9
4142,Texas,43,High,Level 9
4146,washington,47,High,Level 7
4149,New Mexico,30,Low,Level 1
4151,sx<U+02B7>e<U+014B>x<U+02B7><U+0259><U+014B> t<U+0259><U+014B><U+0259>x<U+02B7> | Canada | Oregon,36,Moderate,Level 4
4154,Southern California,5,High,Level 8
4156,New Jersey,29,High,Level 7
4157,Florida,8,High,Level 7
4158, New Mexico,30,Low,Level 1
4160,Southern California,5,High,Level 8
4162,Ohio,34,High,Level 7
4170,Michigan ,21,High,Level 7
4176,Austin Texas,43,High,Level 9
4177,Louisiana ,17,High,Level 7
4180,Odessa Texas,43,High,Level 9
4181,the boondocks of mississippi,23,Low,Level 1
4183,New Jersey,29,High,Level 7
4188,South Florida,8,High,Level 7
4193,Colorado and global impact,6,High,Level 7
4195,University of Vermont,45,Low,Level 1
4199,Arkansas,4,Moderate,Level 5
4203,GEORGIA,9,Moderate,Level 5
4206,New York / Los Angeles,31,High,Level 9
4207,Mississippi,23,Low,Level 1
4208,Colorado,6,High,Level 7
4211,texas <U+0001F335> | utah <U+0001F3D4>,44,Low,Level 1
4212,Connecticut,7,Low,Level 3
4214,Texas ,43,High,Level 9
4219,Kansas,15,Moderate,Level 5
4227,California,5,High,Level 8
4228,Davenport Iowa,14,Moderate,Level 4
4229,Wyoming,50,Low,Level 1
4236,Texas,43,High,Level 9
4237,Kansas,15,Moderate,Level 5
4241,Massachusetts,20,Moderate,Level 4
4243,New York,31,High,Level 9
4249,Texas,43,High,Level 9
4254,Tennessee,42,Moderate,Level 5
4258,Florida,8,High,Level 7
4259,Southern California,5,High,Level 8
4263,New York,31,High,Level 9
4265,SE Wisconsin,49,High,Level 6
4266,London & New York,31,High,Level 9
4270,Texas,43,High,Level 9
4272,New York,31,High,Level 9
4277,New York City,31,High,Level 9
4279,Michigan,21,High,Level 7
4281,California ,5,High,Level 8
4283,New York,31,High,Level 9
4286,California,5,High,Level 8
4294,TEXAS,43,High,Level 9
4296,Missouri,24,Moderate,Level 4
4297,Northern California,5,High,Level 8
4299,Western New York,31,High,Level 9
4300,North Carolina,32,High,Level 7
4303,North Carolina,32,High,Level 7
4304,California,5,High,Level 8
4306,New York City,31,High,Level 9
4307,Illinois,12,Moderate,Level 5
4313,Washington DC USA ,47,High,Level 7
4316,New York,31,High,Level 9
4317,Washington DC USA,47,High,Level 7
4322,Washington DC USA ,47,High,Level 7
4332,New York,31,High,Level 9
4342,#California,5,High,Level 8
4345,Wisconsin to Montana ,49,High,Level 6
4346,Philly <U+2708><U+FE0F> north carolina ,32,High,Level 7
4350,southern california,5,High,Level 8
4361,New York/Milan/Rome,31,High,Level 9
4367,Indiana USA,13,High,Level 7
4368,Northern Kentucky,16,Moderate,Level 5
4373,Orlando Florida,8,High,Level 7
4374,Central Texas,43,High,Level 9
4376,California | London | Manila,5,High,Level 8
4377,san antonio texas,43,High,Level 9
4379,new jersey transit,29,High,Level 7
4391,California ,5,High,Level 8
4392,Central Arizona,3,Moderate,Level 6
4395,Florida,8,High,Level 7
4398,New York,31,High,Level 9
4401,Oklahoma - The Garage,35,Moderate,Level 5
4403,Michigan,21,High,Level 7
4405,Missouri,24,Moderate,Level 4
4410,North Carolina,32,High,Level 7
4412,Massachusetts and New York ,31,High,Level 9
4415,Kansas City,15,Moderate,Level 5
4416,Washington ,47,High,Level 7
4417,Mississippi ,23,Low,Level 1
4421,NW Ohio,34,High,Level 7
4422,Connecticut,7,Low,Level 3
4425,mid-missouri,24,Moderate,Level 4
4426,Ohio,34,High,Level 7
4437,New York ,31,High,Level 9
4440,Home in Texas where I belong,43,High,Level 9
4443,Virginia Beach,46,High,Level 7
4445,Texas,43,High,Level 9
4465,New York,31,High,Level 9
4468,The Space Coast of Florida,8,High,Level 7
4469,Colorado,6,High,Level 7
4474,oklahoma,35,Moderate,Level 5
4476,Somewhere in south louisiana ,17,High,Level 7
4479,Oregon,36,Moderate,Level 4
4481,Connecticut,7,Low,Level 3
4482,Orange County Virginia,46,High,Level 7
4484,Kansas,15,Moderate,Level 5
4493,New York City,31,High,Level 9
4495,OOOOOOKLAHOMA...,35,Moderate,Level 5
4497,Douglas County Colorado,6,High,Level 7
4499,FLORIDA,8,High,Level 7
4505,California,5,High,Level 8
4509,New York City,31,High,Level 9
4512,Michigan,21,High,Level 7
4514,Texas,43,High,Level 9
4516,Michigan,21,High,Level 7
4518,Missouri USA,24,Moderate,Level 4
4520,New York,31,High,Level 9
4525,Northern California,5,High,Level 8
4528,South Louisiana,17,High,Level 7
4531,ohio to oklahoma <U+2708><U+FE0F>,35,Moderate,Level 5
4535,West Michigan,21,High,Level 7
4539,South Florida,8,High,Level 7
4547,Minnesota ,22,Moderate,Level 4
4548,Oklahoma,35,Moderate,Level 5
4551,Central Virginia,46,High,Level 7
4555,Missouri,24,Moderate,Level 4
4558,Louisiana,17,High,Level 7
4561,Wisconsin,49,High,Level 6
4563,Southern Ohio,34,High,Level 7
4564,Kentucky,16,Moderate,Level 5
4565,New Jersey,29,High,Level 7
4566,Massachusetts,20,Moderate,Level 4
4573,Birmingham Alabama,1,Moderate,Level 4
4578,Northern California ,5,High,Level 8
4580,Carlyess Louisiana,17,High,Level 7
4582,New York,31,High,Level 9
4584,kansas city,15,Moderate,Level 5
4592,Georgia,9,Moderate,Level 5
4594,Florida,8,High,Level 7
4601,California,5,High,Level 8
4610,Colorado,6,High,Level 7
4613,waterloo iowa,14,Moderate,Level 4
4614,Indiana ,13,High,Level 7
4617,Florida,8,High,Level 7
4620,South Dakota,41,Low,Level 1
4621,michigan,21,High,Level 7
4630,Indianapolis,13,High,Level 7
4633,ohio,34,High,Level 7
4637,Upstate New York,31,High,Level 9
4639,Texas,43,High,Level 9
4640,Missouri,24,Moderate,Level 4
4644,Minnesota,22,Moderate,Level 4
4645,Texas,43,High,Level 9
4648,Louisiana,17,High,Level 7
4649,Darien Connecticut,7,Low,Level 3
4656,Texas <U+2708><U+FE0F> Virginia,46,High,Level 7
4659,New York,31,High,Level 9
4660,Texas,43,High,Level 9
4664,Washington DC,47,High,Level 7
4665,Texas ,43,High,Level 9
4671,Kentucky,16,Moderate,Level 5
4672,New York,31,High,Level 9
4675,Indiana | Illinois,13,High,Level 7
4679,florida,8,High,Level 7
4683,California,5,High,Level 8
4692,Louisiana,17,High,Level 7
4693,Alabama,1,Moderate,Level 4
4694,South Florida ,8,High,Level 7
4697,Indianapolis,13,High,Level 7
4710,Oklahoma City,35,Moderate,Level 5
4716,Ohio,34,High,Level 7
4717,Michigan,21,High,Level 7
4719,Arizona Desert,3,Moderate,Level 6
4722,South Carolina,40,Moderate,Level 4
4723,Oklahoma City,35,Moderate,Level 5
4724,Tennessee,42,Moderate,Level 5
4725,East Tennessee,42,Moderate,Level 5
4728,N. Michigan,21,High,Level 7
4734,Utah,44,Low,Level 1
4737,Maryland,19,Moderate,Level 5
4738,Indianapolis,13,High,Level 7
4741,West Michigan,21,High,Level 7
4742,NYC & Florida,8,High,Level 7
4743,Indiana,13,High,Level 7
4744,Alabama/ Tennessee,42,Moderate,Level 5
4752,New York Metro Area,31,High,Level 9
4753,California USA,5,High,Level 8
4754,Outside Fairbanks Alaska,2,Low,Level 2
4760,Central Akansas,15,Moderate,Level 5
4762,Chillicothe Ohio ,34,High,Level 7
4764,Texas,43,High,Level 9
4766,Chicago<U+2708><U+FE0F>Mississippi,23,Low,Level 1
4767,New York,31,High,Level 9
4771,i hate florida. ,8,High,Level 7
4774,California,5,High,Level 8
4779,New York City,31,High,Level 9
4788,California,5,High,Level 8
4791,New York,31,High,Level 9
4794,California,5,High,Level 8
4802,337 Louisiana,17,High,Level 7
4804,Southern California,5,High,Level 8
4806,An office in California,5,High,Level 8
4809,Arkansas<U+2728>,4,Moderate,Level 5
4819,California,5,High,Level 8
4822,Kentucky,16,Moderate,Level 5
4824,new york city,31,High,Level 9
4826,New Hampshire,28,Low,Level 1
4827,Michigan State University,21,High,Level 7
4829,California,5,High,Level 8
4831,Oregon Coast,36,Moderate,Level 4
4839,Glamorous Gritty New York City,31,High,Level 9
4840,Florida ,8,High,Level 7
4850,New york,31,High,Level 9
4851,New York,31,High,Level 9
4852,Maryland,19,Moderate,Level 5
4862,south louisiana,17,High,Level 7
4864,End of the road in Arizona,3,Moderate,Level 6
4867,Scenic Maine,18,Low,Level 1
4882,Maryland,19,Moderate,Level 5
4884,California,5,High,Level 8
5352,Idaho,11,Low,Level 1
4889,West Virginia,48,Low,Level 1
4890,New York ,31,High,Level 9
4891,Wolf City. Wyoming. ,50,Low,Level 1
4894,Deep in the heart of Texas,43,High,Level 9
4897,Ohio,34,High,Level 7
4899,Oregon Coast,36,Moderate,Level 4
4901,New Jersey,29,High,Level 7
4907,Massachusetts ,20,Moderate,Level 4
4910,Iowa,14,Moderate,Level 4
4916,Missouri USA,24,Moderate,Level 4
4917, New Jersey,29,High,Level 7
4918,Florida <U+2600><U+FE0F>,8,High,Level 7
4922,New York CIty,31,High,Level 9
4924,Minnesota,22,Moderate,Level 4
4928,Southern California,5,High,Level 8
4929,California,5,High,Level 8
4930,New York,31,High,Level 9
4931,Oregon,36,Moderate,Level 4
4936,kentucky,16,Moderate,Level 5
4941,Columbus Ohio,34,High,Level 7
4943,Northern California,5,High,Level 8
4945,Texas,43,High,Level 9
4952,goliad texas,43,High,Level 9
4953,Venice Florida Venice Florida,8,High,Level 7
4956,texas ,43,High,Level 9
4958,Los Angeles * Washington DC,47,High,Level 7
4961,Washington DC area,47,High,Level 7
4962,New Jersey,29,High,Level 7
4963,somewhere in texas,43,High,Level 9
4969,New Hampshire ,28,Low,Level 1
4970,arizona,3,Moderate,Level 6
4971,Northern California,5,High,Level 8
4978,Arizona,3,Moderate,Level 6
4980,Utah,44,Low,Level 1
4982,Virginia,46,High,Level 7
4988,California somewhere.,5,High,Level 8
4989,Tennessee,42,Moderate,Level 5
4990,#MAGAOHIO,34,High,Level 7
5001,Kentucky,16,Moderate,Level 5
5006,Washington State,47,High,Level 7
5008,Virginia,46,High,Level 7
5012,South Florida USA,8,High,Level 7
5022,Detroit|Ohio,34,High,Level 7
5023,Massachusetts,20,Moderate,Level 4
5690,Idaho,11,Low,Level 1
5037,West by God Virginia. ,46,High,Level 7
5042,New York City,31,High,Level 9
5044,Southern California,5,High,Level 8
5049,The GREAT state of New Jersey!,29,High,Level 7
5052,Illinois,12,Moderate,Level 5
5055,Kansas,15,Moderate,Level 5
5064,Tacoma Washington,47,High,Level 7
5069,Deep in the Heart of Texas,43,High,Level 9
5072,Colorado ,6,High,Level 7
5074,New York City,31,High,Level 9
5079, SF California Bay Area,5,High,Level 8
5088,Mostly Croatia & California,5,High,Level 8
5091,California,5,High,Level 8
5097,Oklahoma,35,Moderate,Level 5
5098,Colorado,6,High,Level 7
5100,Minnesota,22,Moderate,Level 4
5101,North Carolina,32,High,Level 7
5103,Colorado,6,High,Level 7
6139,Eastern Idaho,11,Low,Level 1
5107,New York City,31,High,Level 9
5109,Minnesota,22,Moderate,Level 4
5118,Michigan State University,21,High,Level 7
5119,Colorado.,6,High,Level 7
5120,Oregon,36,Moderate,Level 4
5121,Hope World (jk New York),31,High,Level 9
5123,London | Nairobi | New York,31,High,Level 9
5126,California,5,High,Level 8
5130,Cleveland  Ohio,34,High,Level 7
5131,Virginia x Guam,46,High,Level 7
5132,Ohio twilight zone,34,High,Level 7
5134,California,5,High,Level 8
5138,South Florida,8,High,Level 7
5140,Texas,43,High,Level 9
5141,New York,31,High,Level 9
5143,Virginia,46,High,Level 7
5145,Colorado,6,High,Level 7
5151,Virginia,46,High,Level 7
5156,Louisiana,17,High,Level 7
5162,South Louisiana,17,High,Level 7
5165,Colorado,6,High,Level 7
5167,New Jersey,29,High,Level 7
5177,TEXAS,43,High,Level 9
5178,Northern Virginia,46,High,Level 7
5185,Vermont,45,Low,Level 1
5187,Kentucky,16,Moderate,Level 5
5193,Colorado,6,High,Level 7
5197,Mississippi,23,Low,Level 1
5198,Texas ,43,High,Level 9
5199,Southern California,5,High,Level 8
5203,west by god virginia ,46,High,Level 7
5205,Vermont,45,Low,Level 1
5207,Massachusetts,20,Moderate,Level 4
5208,Indiana,13,High,Level 7
5214,Upstate Area of South Carolina,40,Moderate,Level 4
5215,north carolina,32,High,Level 7
5218,Kentucky,16,Moderate,Level 5
5219,Wisconsin,49,High,Level 6
5228,Colorado Springs,6,High,Level 7
5231,North Carolina,32,High,Level 7
5236,New Jersey,29,High,Level 7
5244,Texas,43,High,Level 9
5251,mini apple is in minnesota,22,Moderate,Level 4
5260,Ohio,34,High,Level 7
5265,Texas,43,High,Level 9
5266,Alabama,1,Moderate,Level 4
5269,Northern Colorado,6,High,Level 7
5270,SE Wisconsin USA,49,High,Level 6
5272,Mississippi ,23,Low,Level 1
5275,West Texas,43,High,Level 9
5276,New Richmond Ohio,34,High,Level 7
5278,Northern California,5,High,Level 8
5285,Southeastern Michigan,21,High,Level 7
5286,#FloridaWhiteBoys,8,High,Level 7
5294,Connecticut,7,Low,Level 3
5295,PGH by way of Mississippi,23,Low,Level 1
5296,Texas <U+0001F9B7>,43,High,Level 9
5297,Hood County Texas ,43,High,Level 9
5300,<U+2708><U+FE0F>Charlotte<U+2708><U+FE0F>Alaska<U+2708><U+FE0F>,2,Low,Level 2
5301,Florida,8,High,Level 7
5306,Florida,8,High,Level 7
5310,California,5,High,Level 8
5313,Fan Account for @mainedcm ,18,Low,Level 1
5314,Botswana--Ohio--Chicago,34,High,Level 7
5316,Massachusetts,20,Moderate,Level 4
5318,Louisiana,17,High,Level 7
5320,New Jersey,29,High,Level 7
5323,Colorado,6,High,Level 7
5324,texas,43,High,Level 9
5326,West Michigan,21,High,Level 7
5327,NW Tennessee,42,Moderate,Level 5
5333,New Jersey,29,High,Level 7
5335,Texas,43,High,Level 9
5337,Ohio,34,High,Level 7
5340,The Arizona Desert,3,Moderate,Level 6
5347,MARYLAND,19,Moderate,Level 5
5351,Banner elk north carolina,32,High,Level 7
522,California - Idaho,11,Low,Level 1
5353,louisiana,17,High,Level 7
5357,Sunny Colorado,6,High,Level 7
5359,Southern California,5,High,Level 8
5360,North Carolina,32,High,Level 7
5361,Texas,43,High,Level 9
5366,Utah,44,Low,Level 1
5369,New York,31,High,Level 9
5376,Kentucky,16,Moderate,Level 5
5380,Texas,43,High,Level 9
5381,Central Illinois,12,Moderate,Level 5
5382,Columbus Ohio,34,High,Level 7
5383,Arizona,3,Moderate,Level 6
5384,New Jersey,29,High,Level 7
5390,New Jersey,29,High,Level 7
5398,Northwest Missouri,24,Moderate,Level 4
5404,Southern California,5,High,Level 8
5414,California,5,High,Level 8
5415,Kansas City,15,Moderate,Level 5
5416,Texas,43,High,Level 9
5418,New York City,31,High,Level 9
5420,Texas,43,High,Level 9
5422,New Jersey,29,High,Level 7
5428,Virginia,46,High,Level 7
5433,Near Lubbock Texas,43,High,Level 9
5441,South Dakota,41,Low,Level 1
5443,PG Maryland ,19,Moderate,Level 5
5452,Ohio,34,High,Level 7
5456,Washington DC USA,47,High,Level 7
5457,Ohio,34,High,Level 7
5462,TEXAS,43,High,Level 9
5464,Wisconsin & Michigan (U.P.),49,High,Level 6
5466,Seattle Washington,47,High,Level 7
5468,Colorado/California,6,High,Level 7
5471,Illinois,12,Moderate,Level 5
5474,Utahhhh,44,Low,Level 1
5475,Florida A&M,8,High,Level 7
5477, Indiana,13,High,Level 7
5480,Georgia ,9,Moderate,Level 5
5481,Sarasota Florida,8,High,Level 7
5484,Ohio,34,High,Level 7
5489,West Michigan,21,High,Level 7
5490,San Antonio Texas ,43,High,Level 9
5494,GEORGIA,9,Moderate,Level 5
5495,Georgia Southern University,9,Moderate,Level 5
5497,Arizona,3,Moderate,Level 6
5507,Michigan,21,High,Level 7
5513,Missouri,24,Moderate,Level 4
5514,New York City,31,High,Level 9
5520,Ohio,34,High,Level 7
5525,New Jersey,29,High,Level 7
5529,California ,5,High,Level 8
5531,Massachusetts,20,Moderate,Level 4
5534,Michigan <U+2708><U+FE0F> Everywhere ,21,High,Level 7
5538,NEW YORK CITY,31,High,Level 9
5539,Texas A&M Corpus Christi ,43,High,Level 9
5559,Southern California,5,High,Level 8
5567,California,5,High,Level 8
5570,augusta georgia,9,Moderate,Level 5
5571,New YORK,31,High,Level 9
5576,Alabama ,1,Moderate,Level 4
5577,kenny - 27 - she/her - florida,8,High,Level 7
5578,emma • 24 • florida,8,High,Level 7
5584,Florida Baaaby <U+2600>,8,High,Level 7
5587,-Washington.NC-,47,High,Level 7
5590,The Great State of Ohio,34,High,Level 7
5593,Somewhere in Colorado,6,High,Level 7
5598,California,5,High,Level 8
5608,New York,31,High,Level 9
5609,Alabama,1,Moderate,Level 4
5611,Connecticut Bad Boy,7,Low,Level 3
5613,Phoenix arizona usa,3,Moderate,Level 6
5614,Arkansas,4,Moderate,Level 5
5617,Somewhere in texas ,43,High,Level 9
5618,Arizona,3,Moderate,Level 6
5619,Southern California,5,High,Level 8
5621,California,5,High,Level 8
5627,California ,5,High,Level 8
5628,Wisconsin,49,High,Level 6
5631,TEXAS,43,High,Level 9
5638,Texas,43,High,Level 9
5642,North Carolina,32,High,Level 7
5645,Louisiana,17,High,Level 7
5646,Ohio,34,High,Level 7
5647,Arizona,3,Moderate,Level 6
5648,baylor univ. | tyler texas,43,High,Level 9
5650,Oregon,36,Moderate,Level 4
5658,New York,31,High,Level 9
5660,south carolina,40,Moderate,Level 4
5664,California,5,High,Level 8
5665,Virginia,46,High,Level 7
5669,Oregon,36,Moderate,Level 4
5671,Hermiston Oregon USA,36,Moderate,Level 4
5672,Virginia ,46,High,Level 7
5679,Texas,43,High,Level 9
5681,ATL <U+2708> Alabama,1,Moderate,Level 4
5683,Kentucky,16,Moderate,Level 5
5685,California ,5,High,Level 8
5688,Austin Texas,43,High,Level 9
2868,Bumbeep Idaho,11,Low,Level 1
5698,Front Range- Colorado,6,High,Level 7
5699,Michigan,21,High,Level 7
5700,Deep Red State of Oklahoma,35,Moderate,Level 5
5704,New York ,31,High,Level 9
5710,Colorado,6,High,Level 7
5712,Washington ,47,High,Level 7
5715,University of South Florida,8,High,Level 7
5728,SFW•24•<U+2640><U+FE0F>•Ace•North Texas,43,High,Level 9
5732,mid michigan,21,High,Level 7
5733,New York,31,High,Level 9
5742,Alabama <U+2708> Atlanta ,1,Moderate,Level 4
5743,New York State,31,High,Level 9
5747,California,5,High,Level 8
5749,oregon,36,Moderate,Level 4
5751,North Carolina,32,High,Level 7
5758,|New York|,31,High,Level 9
5759,Southern Arizona,3,Moderate,Level 6
5762,Illinois,12,Moderate,Level 5
5768,New York City,31,High,Level 9
5770,KENTUCKY ,16,Moderate,Level 5
5771,new york,31,High,Level 9
5772,Jersey•Florida,8,High,Level 7
5773,Texas,43,High,Level 9
5774,Massachusetts,20,Moderate,Level 4
5776,New Mexicos Dixie. Carlsbad MM,30,Low,Level 1
5781,Not so wilds of Alaska,2,Low,Level 2
5785,Texas,43,High,Level 9
5793,Texas ,43,High,Level 9
5797,North Dakota,33,Low,Level 1
5799,Arizona sky,3,Moderate,Level 6
5800,new york,31,High,Level 9
5803,New York City,31,High,Level 9
5807,Michigan,21,High,Level 7
5808,Longview Texas ,43,High,Level 9
5809,Louisiana of course,17,High,Level 7
5810,South Carolina,40,Moderate,Level 4
5814,mississippi.  ,23,Low,Level 1
5815,Florida,8,High,Level 7
5817,North Carolina A&T,32,High,Level 7
5820,Connecticut,7,Low,Level 3
5825,new york,31,High,Level 9
5827,IT'S LEGAL IN COLORADO,6,High,Level 7
5831,kansas city,15,Moderate,Level 5
5836,Southern California,5,High,Level 8
5838,Central New York,31,High,Level 9
5840,LANDING New Jersey ,29,High,Level 7
5843,New York,31,High,Level 9
5844,phoenix arizona,3,Moderate,Level 6
5845,Kentucky,16,Moderate,Level 5
5848,Tennessee boy in KY,42,Moderate,Level 5
5849,Home Sweet Tennessee,42,Moderate,Level 5
5850,Louisiana,17,High,Level 7
5852,Maryland,19,Moderate,Level 5
5854,Oologah Oklahoma ,35,Moderate,Level 5
5857,Tennessee,42,Moderate,Level 5
5864,North Carolina,32,High,Level 7
5865,Texas,43,High,Level 9
5866,Northern VA/Washington DC,47,High,Level 7
5868,Florida,8,High,Level 7
5870,Fort Lauderdale Florida,8,High,Level 7
5881,New Jersey,29,High,Level 7
5886,No. Central Missouri,24,Moderate,Level 4
5889,Michigan,21,High,Level 7
5892,Texas,43,High,Level 9
5897,Tampa Florida,8,High,Level 7
5898,Ohio and Kuwait ,34,High,Level 7
5900,texas state university,43,High,Level 9
5902,New York City,31,High,Level 9
5904,Univ. of Alabama,1,Moderate,Level 4
5908,CALIFORNIA <U+2600><U+FE0F>,5,High,Level 8
5911,Washington D.C.,47,High,Level 7
5916,Minnesota,22,Moderate,Level 4
5917,Tennessee,42,Moderate,Level 5
5918,new york,31,High,Level 9
5919,New Jersey,29,High,Level 7
5921,Michigan,21,High,Level 7
5924,Indiana,13,High,Level 7
5925,Georgia ,9,Moderate,Level 5
5927,Greater New York City Area,31,High,Level 9
5931,West Virginia,48,Low,Level 1
5934,Washington,47,High,Level 7
5942,Great state of Tennessee,42,Moderate,Level 5
5943,Harlem New York,31,High,Level 9
5946,New Mexico,30,Low,Level 1
5947,Ohio,34,High,Level 7
5948,Champaign County Illinois,12,Moderate,Level 5
5952,Thousand Oaks California,5,High,Level 8
5957,Southeast Louisiana,17,High,Level 7
5962,SW Washington State,47,High,Level 7
5964,Southern California,5,High,Level 8
5965,New Mexico USA,30,Low,Level 1
5967,Kentucky,16,Moderate,Level 5
5970, California,5,High,Level 8
5978,Indiana,13,High,Level 7
5981,Louisiananimal,17,High,Level 7
5987,Ohio,34,High,Level 7
5993,Southeast Coastal Georgia,9,Moderate,Level 5
5996,New York City,31,High,Level 9
5999,Connecticut & Rhode Island,39,Low,Level 1
6001,New York City,31,High,Level 9
6002,Deep in the heart of Texas ,43,High,Level 9
6005,California,5,High,Level 8
6007,Texas,43,High,Level 9
6009,Fancy office in New York City,31,High,Level 9
6016,HOUSTON NO TEXAS,43,High,Level 9
6018,Embracing the weird in Utah ,44,Low,Level 1
6019,Michigan,21,High,Level 7
6020,Wannabe New Yorker,31,High,Level 9
6025,Central Iowa,14,Moderate,Level 4
6031,Michigan,21,High,Level 7
6040,Kansas City,15,Moderate,Level 5
6042,Virginia,46,High,Level 7
6046,california,5,High,Level 8
6052,Illinois,12,Moderate,Level 5
6053,Indiana,13,High,Level 7
6057,indiana,13,High,Level 7
6060,Florida,8,High,Level 7
6061,North Woods Minnesota ,22,Moderate,Level 4
6062,Northwest Arkansas <U+2764><U+FE0F><U+0001F417>,4,Moderate,Level 5
6064,<U+0001F5FD>new york juuuuheardddd ,31,High,Level 9
6067,Arizona,3,Moderate,Level 6
6068,Texas,43,High,Level 9
6069,Texas,43,High,Level 9
6073,Texas,43,High,Level 9
6077,Wisconsin,49,High,Level 6
6079,West-Central Indiana,13,High,Level 7
6086,New York,31,High,Level 9
6089,Arizona,3,Moderate,Level 6
6090,Heartbeat Alaska,2,Low,Level 2
6094,Texas,43,High,Level 9
6097,South Texas,43,High,Level 9
6102,San Antonio Texas ,43,High,Level 9
6106,Louisiana to Houston <U+0001F451>,17,High,Level 7
6107,New York State,31,High,Level 9
6109,Melissa Texas,43,High,Level 9
6117,Florida,8,High,Level 7
6119,New York City,31,High,Level 9
6123,Wisconsin,49,High,Level 6
6125,Texas,43,High,Level 9
6129,indianapolis,13,High,Level 7
6130,New York,31,High,Level 9
6131,North Carolina,32,High,Level 7
6133,New York,31,High,Level 9
659,Alaska/Idaho/Oregon/Washington,47,High,Level 7
6140,on the Colorado,6,High,Level 7
6144,Wisconsin,49,High,Level 6
6146,Virginia Beach Va,46,High,Level 7
6147,West Virginia,48,Low,Level 1
6152,new york city,31,High,Level 9
6160,Texas,43,High,Level 9
6161,Free Commonwealth of Arizona,3,Moderate,Level 6
6164,Texas,43,High,Level 9
6165,Northern California,5,High,Level 8
6166,indiana,13,High,Level 7
6173,hello wisconsin,49,High,Level 6
6192,Missouri,24,Moderate,Level 4
6194,Cleveland Ohio,34,High,Level 7
6197,Arizona,3,Moderate,Level 6
6198,New York,31,High,Level 9
6199,indiana,13,High,Level 7
6203,Down South Louisiana ,17,High,Level 7
6208,texas,43,High,Level 9
6213,Florida A&M University,8,High,Level 7
6218,Washington DC,47,High,Level 7
6225,Northern Georgia,9,Moderate,Level 5
6227,Washington D.C.,47,High,Level 7
6230,Kansas City,15,Moderate,Level 5
6234,Oklahoma,35,Moderate,Level 5
6236,Florida,8,High,Level 7
6246,Texas,43,High,Level 9
6252,ohio,34,High,Level 7
6256,virginia,46,High,Level 7
6258,South Carolina...bruh <U+0001F644><U+0001F615><U+0001F62D>,40,Moderate,Level 4
6270,California,5,High,Level 8
6274,<U+2600><U+FE0F> New Jersey <U+2600>,29,High,Level 7
6278,Wisconsin,49,High,Level 6
6279,Florida<U+0001F495>,8,High,Level 7
6287,Western Kentucky,16,Moderate,Level 5
6289,Michigan,21,High,Level 7
6294,Kentucky.,16,Moderate,Level 5
6299,new york,31,High,Level 9
6300,Minnesota,22,Moderate,Level 4
6307,Sunny Florida,8,High,Level 7
6310,Tupelo oklahoma,35,Moderate,Level 5
6313,Kansas City Kansas,15,Moderate,Level 5
6315, North Carolina ,32,High,Level 7
6317,Indiana,13,High,Level 7
6323,arizona <U+0001F596><U+0001F3FD>,3,Moderate,Level 6
6327,illinois,12,Moderate,Level 5
6329,California,5,High,Level 8
6332,New York,31,High,Level 9
6341,ridin thru texas ,43,High,Level 9
6342,Wish I was in New York,31,High,Level 9
6345,New York,31,High,Level 9
6346,West Virginia,48,Low,Level 1
6348,New York,31,High,Level 9
6349,Indiana,13,High,Level 7
6352,Austin Texas,43,High,Level 9
6357,Texas ,43,High,Level 9
6360,Southern California,5,High,Level 8
6361,Someplace in Georgia,9,Moderate,Level 5
6362,Sunny California              ,5,High,Level 8
6366,Washington DC,47,High,Level 7
6367,California,5,High,Level 8
,Delaware|,,Low,Level 1
,nebraska,,Low,Level 1
